"seed","storey","area","ratio","height","azimuth","shell_wall","abs_wall","shell_roof","abs_roof","wwr_liv","wwr_dorm","u_window","shgc","open_factor","blind","balcony","facade","mirror","epw","targ","month"
1,1,101.9296875,1.5257421875,2.771484375,332.465625,1,0.749234375,3,0.231265625,0.241015625,0.347046875,3.2279765625,0.46644140625,0.4646484375,0,1.4140625,1,1,299,13.2437275985663,1
1,1,101.9296875,1.5257421875,2.771484375,332.465625,1,0.749234375,3,0.231265625,0.241015625,0.347046875,3.2279765625,0.46644140625,0.4646484375,0,1.4140625,1,1,299,34.4949210598378,2
1,1,101.9296875,1.5257421875,2.771484375,332.465625,1,0.749234375,3,0.231265625,0.241015625,0.347046875,3.2279765625,0.46644140625,0.4646484375,0,1.4140625,1,1,299,17.8218528094459,3
1,1,101.9296875,1.5257421875,2.771484375,332.465625,1,0.749234375,3,0.231265625,0.241015625,0.347046875,3.2279765625,0.46644140625,0.4646484375,0,1.4140625,1,1,299,39.1851851851852,4
1,1,101.9296875,1.5257421875,2.771484375,332.465625,1,0.749234375,3,0.231265625,0.241015625,0.347046875,3.2279765625,0.46644140625,0.4646484375,0,1.4140625,1,1,299,100,5
1,1,101.9296875,1.5257421875,2.771484375,332.465625,1,0.749234375,3,0.231265625,0.241015625,0.347046875,3.2279765625,0.46644140625,0.4646484375,0,1.4140625,1,1,299,100,6
1,1,101.9296875,1.5257421875,2.771484375,332.465625,1,0.749234375,3,0.231265625,0.241015625,0.347046875,3.2279765625,0.46644140625,0.4646484375,0,1.4140625,1,1,299,100,7
1,1,101.9296875,1.5257421875,2.771484375,332.465625,1,0.749234375,3,0.231265625,0.241015625,0.347046875,3.2279765625,0.46644140625,0.4646484375,0,1.4140625,1,1,299,100,8
1,1,101.9296875,1.5257421875,2.771484375,332.465625,1,0.749234375,3,0.231265625,0.241015625,0.347046875,3.2279765625,0.46644140625,0.4646484375,0,1.4140625,1,1,299,98.8148148148148,9
1,1,101.9296875,1.5257421875,2.771484375,332.465625,1,0.749234375,3,0.231265625,0.241015625,0.347046875,3.2279765625,0.46644140625,0.4646484375,0,1.4140625,1,1,299,78.9784946236559,10
1,1,101.9296875,1.5257421875,2.771484375,332.465625,1,0.749234375,3,0.231265625,0.241015625,0.347046875,3.2279765625,0.46644140625,0.4646484375,0,1.4140625,1,1,299,72.9074074074074,11
1,1,101.9296875,1.5257421875,2.771484375,332.465625,1,0.749234375,3,0.231265625,0.241015625,0.347046875,3.2279765625,0.46644140625,0.4646484375,0,1.4140625,1,1,299,70.3225806451613,12
3,1,101.9296875,1.5257421875,2.771484375,332.465625,1,0.749234375,3,0.231265625,0.241015625,0.347046875,3.2279765625,0.46644140625,0.4646484375,0,1.4140625,1,1,299,8.27060931899641,1
3,1,101.9296875,1.5257421875,2.771484375,332.465625,1,0.749234375,3,0.231265625,0.241015625,0.347046875,3.2279765625,0.46644140625,0.4646484375,0,1.4140625,1,1,299,22.809507875131,2
3,1,101.9296875,1.5257421875,2.771484375,332.465625,1,0.749234375,3,0.231265625,0.241015625,0.347046875,3.2279765625,0.46644140625,0.4646484375,0,1.4140625,1,1,299,10.9234524091844,3
3,1,101.9296875,1.5257421875,2.771484375,332.465625,1,0.749234375,3,0.231265625,0.241015625,0.347046875,3.2279765625,0.46644140625,0.4646484375,0,1.4140625,1,1,299,27.4027777777778,4
3,1,101.9296875,1.5257421875,2.771484375,332.465625,1,0.749234375,3,0.231265625,0.241015625,0.347046875,3.2279765625,0.46644140625,0.4646484375,0,1.4140625,1,1,299,95.5645161290323,5
3,1,101.9296875,1.5257421875,2.771484375,332.465625,1,0.749234375,3,0.231265625,0.241015625,0.347046875,3.2279765625,0.46644140625,0.4646484375,0,1.4140625,1,1,299,100,6
3,1,101.9296875,1.5257421875,2.771484375,332.465625,1,0.749234375,3,0.231265625,0.241015625,0.347046875,3.2279765625,0.46644140625,0.4646484375,0,1.4140625,1,1,299,99.9820788530466,7
3,1,101.9296875,1.5257421875,2.771484375,332.465625,1,0.749234375,3,0.231265625,0.241015625,0.347046875,3.2279765625,0.46644140625,0.4646484375,0,1.4140625,1,1,299,99.7311827956989,8
3,1,101.9296875,1.5257421875,2.771484375,332.465625,1,0.749234375,3,0.231265625,0.241015625,0.347046875,3.2279765625,0.46644140625,0.4646484375,0,1.4140625,1,1,299,93.662037037037,9
3,1,101.9296875,1.5257421875,2.771484375,332.465625,1,0.749234375,3,0.231265625,0.241015625,0.347046875,3.2279765625,0.46644140625,0.4646484375,0,1.4140625,1,1,299,67.5672043010753,10
3,1,101.9296875,1.5257421875,2.771484375,332.465625,1,0.749234375,3,0.231265625,0.241015625,0.347046875,3.2279765625,0.46644140625,0.4646484375,0,1.4140625,1,1,299,54.3194444444444,11
3,1,101.9296875,1.5257421875,2.771484375,332.465625,1,0.749234375,3,0.231265625,0.241015625,0.347046875,3.2279765625,0.46644140625,0.4646484375,0,1.4140625,1,1,299,52.3969534050179,12
1,2,101.9296875,1.5257421875,2.771484375,332.465625,1,0.749234375,3,0.231265625,0.241015625,0.347046875,3.2279765625,0.46644140625,0.4646484375,0,1.4140625,1,1,299,11.7204301075269,1
1,2,101.9296875,1.5257421875,2.771484375,332.465625,1,0.749234375,3,0.231265625,0.241015625,0.347046875,3.2279765625,0.46644140625,0.4646484375,0,1.4140625,1,1,299,27.3661983135511,2
1,2,101.9296875,1.5257421875,2.771484375,332.465625,1,0.749234375,3,0.231265625,0.241015625,0.347046875,3.2279765625,0.46644140625,0.4646484375,0,1.4140625,1,1,299,16.0242070446785,3
1,2,101.9296875,1.5257421875,2.771484375,332.465625,1,0.749234375,3,0.231265625,0.241015625,0.347046875,3.2279765625,0.46644140625,0.4646484375,0,1.4140625,1,1,299,34.8611111111111,4
1,2,101.9296875,1.5257421875,2.771484375,332.465625,1,0.749234375,3,0.231265625,0.241015625,0.347046875,3.2279765625,0.46644140625,0.4646484375,0,1.4140625,1,1,299,99.2069892473118,5
1,2,101.9296875,1.5257421875,2.771484375,332.465625,1,0.749234375,3,0.231265625,0.241015625,0.347046875,3.2279765625,0.46644140625,0.4646484375,0,1.4140625,1,1,299,100,6
1,2,101.9296875,1.5257421875,2.771484375,332.465625,1,0.749234375,3,0.231265625,0.241015625,0.347046875,3.2279765625,0.46644140625,0.4646484375,0,1.4140625,1,1,299,99.8745519713262,7
1,2,101.9296875,1.5257421875,2.771484375,332.465625,1,0.749234375,3,0.231265625,0.241015625,0.347046875,3.2279765625,0.46644140625,0.4646484375,0,1.4140625,1,1,299,99.7849462365591,8
1,2,101.9296875,1.5257421875,2.771484375,332.465625,1,0.749234375,3,0.231265625,0.241015625,0.347046875,3.2279765625,0.46644140625,0.4646484375,0,1.4140625,1,1,299,94.4398148148148,9
1,2,101.9296875,1.5257421875,2.771484375,332.465625,1,0.749234375,3,0.231265625,0.241015625,0.347046875,3.2279765625,0.46644140625,0.4646484375,0,1.4140625,1,1,299,64.336917562724,10
1,2,101.9296875,1.5257421875,2.771484375,332.465625,1,0.749234375,3,0.231265625,0.241015625,0.347046875,3.2279765625,0.46644140625,0.4646484375,0,1.4140625,1,1,299,59.5972222222222,11
1,2,101.9296875,1.5257421875,2.771484375,332.465625,1,0.749234375,3,0.231265625,0.241015625,0.347046875,3.2279765625,0.46644140625,0.4646484375,0,1.4140625,1,1,299,55.9856630824373,12
1,1,146.8203125,1.5257421875,2.771484375,332.465625,1,0.749234375,3,0.231265625,0.241015625,0.347046875,3.2279765625,0.46644140625,0.4646484375,0,1.4140625,1,1,299,13.0689964157706,1
1,1,146.8203125,1.5257421875,2.771484375,332.465625,1,0.749234375,3,0.231265625,0.241015625,0.347046875,3.2279765625,0.46644140625,0.4646484375,0,1.4140625,1,1,299,35.2533538946017,2
1,1,146.8203125,1.5257421875,2.771484375,332.465625,1,0.749234375,3,0.231265625,0.241015625,0.347046875,3.2279765625,0.46644140625,0.4646484375,0,1.4140625,1,1,299,17.6157210586491,3
1,1,146.8203125,1.5257421875,2.771484375,332.465625,1,0.749234375,3,0.231265625,0.241015625,0.347046875,3.2279765625,0.46644140625,0.4646484375,0,1.4140625,1,1,299,39.1574074074074,4
1,1,146.8203125,1.5257421875,2.771484375,332.465625,1,0.749234375,3,0.231265625,0.241015625,0.347046875,3.2279765625,0.46644140625,0.4646484375,0,1.4140625,1,1,299,100,5
1,1,146.8203125,1.5257421875,2.771484375,332.465625,1,0.749234375,3,0.231265625,0.241015625,0.347046875,3.2279765625,0.46644140625,0.4646484375,0,1.4140625,1,1,299,100,6
1,1,146.8203125,1.5257421875,2.771484375,332.465625,1,0.749234375,3,0.231265625,0.241015625,0.347046875,3.2279765625,0.46644140625,0.4646484375,0,1.4140625,1,1,299,100,7
1,1,146.8203125,1.5257421875,2.771484375,332.465625,1,0.749234375,3,0.231265625,0.241015625,0.347046875,3.2279765625,0.46644140625,0.4646484375,0,1.4140625,1,1,299,100,8
1,1,146.8203125,1.5257421875,2.771484375,332.465625,1,0.749234375,3,0.231265625,0.241015625,0.347046875,3.2279765625,0.46644140625,0.4646484375,0,1.4140625,1,1,299,99.8333333333333,9
1,1,146.8203125,1.5257421875,2.771484375,332.465625,1,0.749234375,3,0.231265625,0.241015625,0.347046875,3.2279765625,0.46644140625,0.4646484375,0,1.4140625,1,1,299,82.831541218638,10
1,1,146.8203125,1.5257421875,2.771484375,332.465625,1,0.749234375,3,0.231265625,0.241015625,0.347046875,3.2279765625,0.46644140625,0.4646484375,0,1.4140625,1,1,299,74.5324074074074,11
1,1,146.8203125,1.5257421875,2.771484375,332.465625,1,0.749234375,3,0.231265625,0.241015625,0.347046875,3.2279765625,0.46644140625,0.4646484375,0,1.4140625,1,1,299,73.9247311827957,12
1,1,101.9296875,1.3124609375,2.771484375,332.465625,1,0.749234375,3,0.231265625,0.241015625,0.347046875,3.2279765625,0.46644140625,0.4646484375,0,1.4140625,1,1,299,14.2517921146953,1
1,1,101.9296875,1.3124609375,2.771484375,332.465625,1,0.749234375,3,0.231265625,0.241015625,0.347046875,3.2279765625,0.46644140625,0.4646484375,0,1.4140625,1,1,299,36.5374741508739,2
1,1,101.9296875,1.3124609375,2.771484375,332.465625,1,0.749234375,3,0.231265625,0.241015625,0.347046875,3.2279765625,0.46644140625,0.4646484375,0,1.4140625,1,1,299,19.3145305893445,3
1,1,101.9296875,1.3124609375,2.771484375,332.465625,1,0.749234375,3,0.231265625,0.241015625,0.347046875,3.2279765625,0.46644140625,0.4646484375,0,1.4140625,1,1,299,41.6064814814815,4
1,1,101.9296875,1.3124609375,2.771484375,332.465625,1,0.749234375,3,0.231265625,0.241015625,0.347046875,3.2279765625,0.46644140625,0.4646484375,0,1.4140625,1,1,299,100,5
1,1,101.9296875,1.3124609375,2.771484375,332.465625,1,0.749234375,3,0.231265625,0.241015625,0.347046875,3.2279765625,0.46644140625,0.4646484375,0,1.4140625,1,1,299,100,6
1,1,101.9296875,1.3124609375,2.771484375,332.465625,1,0.749234375,3,0.231265625,0.241015625,0.347046875,3.2279765625,0.46644140625,0.4646484375,0,1.4140625,1,1,299,99.9820788530466,7
1,1,101.9296875,1.3124609375,2.771484375,332.465625,1,0.749234375,3,0.231265625,0.241015625,0.347046875,3.2279765625,0.46644140625,0.4646484375,0,1.4140625,1,1,299,100,8
1,1,101.9296875,1.3124609375,2.771484375,332.465625,1,0.749234375,3,0.231265625,0.241015625,0.347046875,3.2279765625,0.46644140625,0.4646484375,0,1.4140625,1,1,299,99.1157407407407,9
1,1,101.9296875,1.3124609375,2.771484375,332.465625,1,0.749234375,3,0.231265625,0.241015625,0.347046875,3.2279765625,0.46644140625,0.4646484375,0,1.4140625,1,1,299,80.3001792114695,10
1,1,101.9296875,1.3124609375,2.771484375,332.465625,1,0.749234375,3,0.231265625,0.241015625,0.347046875,3.2279765625,0.46644140625,0.4646484375,0,1.4140625,1,1,299,74.5,11
1,1,101.9296875,1.3124609375,2.771484375,332.465625,1,0.749234375,3,0.231265625,0.241015625,0.347046875,3.2279765625,0.46644140625,0.4646484375,0,1.4140625,1,1,299,71.65770609319,12
1,1,101.9296875,1.5257421875,3.086328125,332.465625,1,0.749234375,3,0.231265625,0.241015625,0.347046875,3.2279765625,0.46644140625,0.4646484375,0,1.4140625,1,1,299,14.7267025089606,1
1,1,101.9296875,1.5257421875,3.086328125,332.465625,1,0.749234375,3,0.231265625,0.241015625,0.347046875,3.2279765625,0.46644140625,0.4646484375,0,1.4140625,1,1,299,36.4036990217463,2
1,1,101.9296875,1.5257421875,3.086328125,332.465625,1,0.749234375,3,0.231265625,0.241015625,0.347046875,3.2279765625,0.46644140625,0.4646484375,0,1.4140625,1,1,299,19.4623993321264,3
1,1,101.9296875,1.5257421875,3.086328125,332.465625,1,0.749234375,3,0.231265625,0.241015625,0.347046875,3.2279765625,0.46644140625,0.4646484375,0,1.4140625,1,1,299,41.337962962963,4
1,1,101.9296875,1.5257421875,3.086328125,332.465625,1,0.749234375,3,0.231265625,0.241015625,0.347046875,3.2279765625,0.46644140625,0.4646484375,0,1.4140625,1,1,299,100,5
1,1,101.9296875,1.5257421875,3.086328125,332.465625,1,0.749234375,3,0.231265625,0.241015625,0.347046875,3.2279765625,0.46644140625,0.4646484375,0,1.4140625,1,1,299,100,6
1,1,101.9296875,1.5257421875,3.086328125,332.465625,1,0.749234375,3,0.231265625,0.241015625,0.347046875,3.2279765625,0.46644140625,0.4646484375,0,1.4140625,1,1,299,100,7
1,1,101.9296875,1.5257421875,3.086328125,332.465625,1,0.749234375,3,0.231265625,0.241015625,0.347046875,3.2279765625,0.46644140625,0.4646484375,0,1.4140625,1,1,299,100,8
1,1,101.9296875,1.5257421875,3.086328125,332.465625,1,0.749234375,3,0.231265625,0.241015625,0.347046875,3.2279765625,0.46644140625,0.4646484375,0,1.4140625,1,1,299,98.7685185185185,9
1,1,101.9296875,1.5257421875,3.086328125,332.465625,1,0.749234375,3,0.231265625,0.241015625,0.347046875,3.2279765625,0.46644140625,0.4646484375,0,1.4140625,1,1,299,78.7768817204301,10
1,1,101.9296875,1.5257421875,3.086328125,332.465625,1,0.749234375,3,0.231265625,0.241015625,0.347046875,3.2279765625,0.46644140625,0.4646484375,0,1.4140625,1,1,299,73.6805555555556,11
1,1,101.9296875,1.5257421875,3.086328125,332.465625,1,0.749234375,3,0.231265625,0.241015625,0.347046875,3.2279765625,0.46644140625,0.4646484375,0,1.4140625,1,1,299,70.7795698924731,12
1,1,101.9296875,1.5257421875,2.771484375,332.465625,1,0.799203125,3,0.231265625,0.241015625,0.347046875,3.2279765625,0.46644140625,0.4646484375,0,1.4140625,1,1,299,12.3790322580645,1
1,1,101.9296875,1.5257421875,2.771484375,332.465625,1,0.799203125,3,0.231265625,0.241015625,0.347046875,3.2279765625,0.46644140625,0.4646484375,0,1.4140625,1,1,299,32.1101768835633,2
1,1,101.9296875,1.5257421875,2.771484375,332.465625,1,0.799203125,3,0.231265625,0.241015625,0.347046875,3.2279765625,0.46644140625,0.4646484375,0,1.4140625,1,1,299,16.5578046161173,3
1,1,101.9296875,1.5257421875,2.771484375,332.465625,1,0.799203125,3,0.231265625,0.241015625,0.347046875,3.2279765625,0.46644140625,0.4646484375,0,1.4140625,1,1,299,37.2407407407407,4
1,1,101.9296875,1.5257421875,2.771484375,332.465625,1,0.799203125,3,0.231265625,0.241015625,0.347046875,3.2279765625,0.46644140625,0.4646484375,0,1.4140625,1,1,299,100,5
1,1,101.9296875,1.5257421875,2.771484375,332.465625,1,0.799203125,3,0.231265625,0.241015625,0.347046875,3.2279765625,0.46644140625,0.4646484375,0,1.4140625,1,1,299,100,6
1,1,101.9296875,1.5257421875,2.771484375,332.465625,1,0.799203125,3,0.231265625,0.241015625,0.347046875,3.2279765625,0.46644140625,0.4646484375,0,1.4140625,1,1,299,100,7
1,1,101.9296875,1.5257421875,2.771484375,332.465625,1,0.799203125,3,0.231265625,0.241015625,0.347046875,3.2279765625,0.46644140625,0.4646484375,0,1.4140625,1,1,299,100,8
1,1,101.9296875,1.5257421875,2.771484375,332.465625,1,0.799203125,3,0.231265625,0.241015625,0.347046875,3.2279765625,0.46644140625,0.4646484375,0,1.4140625,1,1,299,97.75,9
1,1,101.9296875,1.5257421875,2.771484375,332.465625,1,0.799203125,3,0.231265625,0.241015625,0.347046875,3.2279765625,0.46644140625,0.4646484375,0,1.4140625,1,1,299,76.8279569892473,10
1,1,101.9296875,1.5257421875,2.771484375,332.465625,1,0.799203125,3,0.231265625,0.241015625,0.347046875,3.2279765625,0.46644140625,0.4646484375,0,1.4140625,1,1,299,70.4351851851852,11
1,1,101.9296875,1.5257421875,2.771484375,332.465625,1,0.799203125,3,0.231265625,0.241015625,0.347046875,3.2279765625,0.46644140625,0.4646484375,0,1.4140625,1,1,299,67.3297491039426,12
1,1,101.9296875,1.5257421875,2.771484375,332.465625,1,0.749234375,1,0.231265625,0.241015625,0.347046875,3.2279765625,0.46644140625,0.4646484375,0,1.4140625,1,1,299,14.9596774193548,1
1,1,101.9296875,1.5257421875,2.771484375,332.465625,1,0.749234375,1,0.231265625,0.241015625,0.347046875,3.2279765625,0.46644140625,0.4646484375,0,1.4140625,1,1,299,36.2699829088883,2
1,1,101.9296875,1.5257421875,2.771484375,332.465625,1,0.749234375,1,0.231265625,0.241015625,0.347046875,3.2279765625,0.46644140625,0.4646484375,0,1.4140625,1,1,299,19.6506002957616,3
1,1,101.9296875,1.5257421875,2.771484375,332.465625,1,0.749234375,1,0.231265625,0.241015625,0.347046875,3.2279765625,0.46644140625,0.4646484375,0,1.4140625,1,1,299,41.5648148148148,4
1,1,101.9296875,1.5257421875,2.771484375,332.465625,1,0.749234375,1,0.231265625,0.241015625,0.347046875,3.2279765625,0.46644140625,0.4646484375,0,1.4140625,1,1,299,100,5
1,1,101.9296875,1.5257421875,2.771484375,332.465625,1,0.749234375,1,0.231265625,0.241015625,0.347046875,3.2279765625,0.46644140625,0.4646484375,0,1.4140625,1,1,299,100,6
1,1,101.9296875,1.5257421875,2.771484375,332.465625,1,0.749234375,1,0.231265625,0.241015625,0.347046875,3.2279765625,0.46644140625,0.4646484375,0,1.4140625,1,1,299,99.9820788530466,7
1,1,101.9296875,1.5257421875,2.771484375,332.465625,1,0.749234375,1,0.231265625,0.241015625,0.347046875,3.2279765625,0.46644140625,0.4646484375,0,1.4140625,1,1,299,100,8
1,1,101.9296875,1.5257421875,2.771484375,332.465625,1,0.749234375,1,0.231265625,0.241015625,0.347046875,3.2279765625,0.46644140625,0.4646484375,0,1.4140625,1,1,299,99.6064814814815,9
1,1,101.9296875,1.5257421875,2.771484375,332.465625,1,0.749234375,1,0.231265625,0.241015625,0.347046875,3.2279765625,0.46644140625,0.4646484375,0,1.4140625,1,1,299,80.4256272401434,10
1,1,101.9296875,1.5257421875,2.771484375,332.465625,1,0.749234375,1,0.231265625,0.241015625,0.347046875,3.2279765625,0.46644140625,0.4646484375,0,1.4140625,1,1,299,74.7962962962963,11
1,1,101.9296875,1.5257421875,2.771484375,332.465625,1,0.749234375,1,0.231265625,0.241015625,0.347046875,3.2279765625,0.46644140625,0.4646484375,0,1.4140625,1,1,299,71.9802867383513,12
1,1,101.9296875,1.5257421875,2.771484375,332.465625,1,0.749234375,3,0.400671875,0.241015625,0.347046875,3.2279765625,0.46644140625,0.4646484375,0,1.4140625,1,1,299,12.5940860215054,1
1,1,101.9296875,1.5257421875,2.771484375,332.465625,1,0.749234375,3,0.400671875,0.241015625,0.347046875,3.2279765625,0.46644140625,0.4646484375,0,1.4140625,1,1,299,32.5216235611833,2
1,1,101.9296875,1.5257421875,2.771484375,332.465625,1,0.749234375,3,0.400671875,0.241015625,0.347046875,3.2279765625,0.46644140625,0.4646484375,0,1.4140625,1,1,299,16.6833201262482,3
1,1,101.9296875,1.5257421875,2.771484375,332.465625,1,0.749234375,3,0.400671875,0.241015625,0.347046875,3.2279765625,0.46644140625,0.4646484375,0,1.4140625,1,1,299,37.5972222222222,4
1,1,101.9296875,1.5257421875,2.771484375,332.465625,1,0.749234375,3,0.400671875,0.241015625,0.347046875,3.2279765625,0.46644140625,0.4646484375,0,1.4140625,1,1,299,100,5
1,1,101.9296875,1.5257421875,2.771484375,332.465625,1,0.749234375,3,0.400671875,0.241015625,0.347046875,3.2279765625,0.46644140625,0.4646484375,0,1.4140625,1,1,299,100,6
1,1,101.9296875,1.5257421875,2.771484375,332.465625,1,0.749234375,3,0.400671875,0.241015625,0.347046875,3.2279765625,0.46644140625,0.4646484375,0,1.4140625,1,1,299,100,7
1,1,101.9296875,1.5257421875,2.771484375,332.465625,1,0.749234375,3,0.400671875,0.241015625,0.347046875,3.2279765625,0.46644140625,0.4646484375,0,1.4140625,1,1,299,100,8
1,1,101.9296875,1.5257421875,2.771484375,332.465625,1,0.749234375,3,0.400671875,0.241015625,0.347046875,3.2279765625,0.46644140625,0.4646484375,0,1.4140625,1,1,299,97.9212962962963,9
1,1,101.9296875,1.5257421875,2.771484375,332.465625,1,0.749234375,3,0.400671875,0.241015625,0.347046875,3.2279765625,0.46644140625,0.4646484375,0,1.4140625,1,1,299,76.9758064516129,10
1,1,101.9296875,1.5257421875,2.771484375,332.465625,1,0.749234375,3,0.400671875,0.241015625,0.347046875,3.2279765625,0.46644140625,0.4646484375,0,1.4140625,1,1,299,70.6388888888889,11
1,1,101.9296875,1.5257421875,2.771484375,332.465625,1,0.749234375,3,0.400671875,0.241015625,0.347046875,3.2279765625,0.46644140625,0.4646484375,0,1.4140625,1,1,299,67.4641577060932,12
1,1,101.9296875,1.5257421875,2.771484375,332.465625,1,0.749234375,3,0.231265625,0.280015625,0.347046875,3.2279765625,0.46644140625,0.4646484375,0,1.4140625,1,1,299,13.5259856630824,1
1,1,101.9296875,1.5257421875,2.771484375,332.465625,1,0.749234375,3,0.231265625,0.280015625,0.347046875,3.2279765625,0.46644140625,0.4646484375,0,1.4140625,1,1,299,34.6089847549172,2
1,1,101.9296875,1.5257421875,2.771484375,332.465625,1,0.749234375,3,0.231265625,0.280015625,0.347046875,3.2279765625,0.46644140625,0.4646484375,0,1.4140625,1,1,299,17.9069878976827,3
1,1,101.9296875,1.5257421875,2.771484375,332.465625,1,0.749234375,3,0.231265625,0.280015625,0.347046875,3.2279765625,0.46644140625,0.4646484375,0,1.4140625,1,1,299,39.2638888888889,4
1,1,101.9296875,1.5257421875,2.771484375,332.465625,1,0.749234375,3,0.231265625,0.280015625,0.347046875,3.2279765625,0.46644140625,0.4646484375,0,1.4140625,1,1,299,100,5
1,1,101.9296875,1.5257421875,2.771484375,332.465625,1,0.749234375,3,0.231265625,0.280015625,0.347046875,3.2279765625,0.46644140625,0.4646484375,0,1.4140625,1,1,299,100,6
1,1,101.9296875,1.5257421875,2.771484375,332.465625,1,0.749234375,3,0.231265625,0.280015625,0.347046875,3.2279765625,0.46644140625,0.4646484375,0,1.4140625,1,1,299,100,7
1,1,101.9296875,1.5257421875,2.771484375,332.465625,1,0.749234375,3,0.231265625,0.280015625,0.347046875,3.2279765625,0.46644140625,0.4646484375,0,1.4140625,1,1,299,100,8
1,1,101.9296875,1.5257421875,2.771484375,332.465625,1,0.749234375,3,0.231265625,0.280015625,0.347046875,3.2279765625,0.46644140625,0.4646484375,0,1.4140625,1,1,299,98.8333333333333,9
1,1,101.9296875,1.5257421875,2.771484375,332.465625,1,0.749234375,3,0.231265625,0.280015625,0.347046875,3.2279765625,0.46644140625,0.4646484375,0,1.4140625,1,1,299,79.2204301075269,10
1,1,101.9296875,1.5257421875,2.771484375,332.465625,1,0.749234375,3,0.231265625,0.280015625,0.347046875,3.2279765625,0.46644140625,0.4646484375,0,1.4140625,1,1,299,73.0509259259259,11
1,1,101.9296875,1.5257421875,2.771484375,332.465625,1,0.749234375,3,0.231265625,0.280015625,0.347046875,3.2279765625,0.46644140625,0.4646484375,0,1.4140625,1,1,299,70.6137992831541,12
1,1,101.9296875,1.5257421875,2.771484375,332.465625,1,0.749234375,3,0.231265625,0.241015625,0.278796875,3.2279765625,0.46644140625,0.4646484375,0,1.4140625,1,1,299,11.0573476702509,1
1,1,101.9296875,1.5257421875,2.771484375,332.465625,1,0.749234375,3,0.231265625,0.241015625,0.278796875,3.2279765625,0.46644140625,0.4646484375,0,1.4140625,1,1,299,30.023169787447,2
1,1,101.9296875,1.5257421875,2.771484375,332.465625,1,0.749234375,3,0.231265625,0.241015625,0.278796875,3.2279765625,0.46644140625,0.4646484375,0,1.4140625,1,1,299,15.0022967795921,3
1,1,101.9296875,1.5257421875,2.771484375,332.465625,1,0.749234375,3,0.231265625,0.241015625,0.278796875,3.2279765625,0.46644140625,0.4646484375,0,1.4140625,1,1,299,34.287037037037,4
1,1,101.9296875,1.5257421875,2.771484375,332.465625,1,0.749234375,3,0.231265625,0.241015625,0.278796875,3.2279765625,0.46644140625,0.4646484375,0,1.4140625,1,1,299,100,5
1,1,101.9296875,1.5257421875,2.771484375,332.465625,1,0.749234375,3,0.231265625,0.241015625,0.278796875,3.2279765625,0.46644140625,0.4646484375,0,1.4140625,1,1,299,100,6
1,1,101.9296875,1.5257421875,2.771484375,332.465625,1,0.749234375,3,0.231265625,0.241015625,0.278796875,3.2279765625,0.46644140625,0.4646484375,0,1.4140625,1,1,299,100,7
1,1,101.9296875,1.5257421875,2.771484375,332.465625,1,0.749234375,3,0.231265625,0.241015625,0.278796875,3.2279765625,0.46644140625,0.4646484375,0,1.4140625,1,1,299,100,8
1,1,101.9296875,1.5257421875,2.771484375,332.465625,1,0.749234375,3,0.231265625,0.241015625,0.278796875,3.2279765625,0.46644140625,0.4646484375,0,1.4140625,1,1,299,97.9444444444444,9
1,1,101.9296875,1.5257421875,2.771484375,332.465625,1,0.749234375,3,0.231265625,0.241015625,0.278796875,3.2279765625,0.46644140625,0.4646484375,0,1.4140625,1,1,299,76.9623655913979,10
1,1,101.9296875,1.5257421875,2.771484375,332.465625,1,0.749234375,3,0.231265625,0.241015625,0.278796875,3.2279765625,0.46644140625,0.4646484375,0,1.4140625,1,1,299,68.8796296296296,11
1,1,101.9296875,1.5257421875,2.771484375,332.465625,1,0.749234375,3,0.231265625,0.241015625,0.278796875,3.2279765625,0.46644140625,0.4646484375,0,1.4140625,1,1,299,66.8413978494624,12
1,1,101.9296875,1.5257421875,2.771484375,332.465625,1,0.749234375,3,0.231265625,0.241015625,0.347046875,3.6344296875,0.46644140625,0.4646484375,0,1.4140625,1,1,299,13.2885304659498,1
1,1,101.9296875,1.5257421875,2.771484375,332.465625,1,0.749234375,3,0.231265625,0.241015625,0.347046875,3.6344296875,0.46644140625,0.4646484375,0,1.4140625,1,1,299,34.5048062849966,2
1,1,101.9296875,1.5257421875,2.771484375,332.465625,1,0.749234375,3,0.231265625,0.241015625,0.347046875,3.6344296875,0.46644140625,0.4646484375,0,1.4140625,1,1,299,17.9159773917838,3
1,1,101.9296875,1.5257421875,2.771484375,332.465625,1,0.749234375,3,0.231265625,0.241015625,0.347046875,3.6344296875,0.46644140625,0.4646484375,0,1.4140625,1,1,299,39.3888888888889,4
1,1,101.9296875,1.5257421875,2.771484375,332.465625,1,0.749234375,3,0.231265625,0.241015625,0.347046875,3.6344296875,0.46644140625,0.4646484375,0,1.4140625,1,1,299,100,5
1,1,101.9296875,1.5257421875,2.771484375,332.465625,1,0.749234375,3,0.231265625,0.241015625,0.347046875,3.6344296875,0.46644140625,0.4646484375,0,1.4140625,1,1,299,100,6
1,1,101.9296875,1.5257421875,2.771484375,332.465625,1,0.749234375,3,0.231265625,0.241015625,0.347046875,3.6344296875,0.46644140625,0.4646484375,0,1.4140625,1,1,299,99.9820788530466,7
1,1,101.9296875,1.5257421875,2.771484375,332.465625,1,0.749234375,3,0.231265625,0.241015625,0.347046875,3.6344296875,0.46644140625,0.4646484375,0,1.4140625,1,1,299,100,8
1,1,101.9296875,1.5257421875,2.771484375,332.465625,1,0.749234375,3,0.231265625,0.241015625,0.347046875,3.6344296875,0.46644140625,0.4646484375,0,1.4140625,1,1,299,98.787037037037,9
1,1,101.9296875,1.5257421875,2.771484375,332.465625,1,0.749234375,3,0.231265625,0.241015625,0.347046875,3.6344296875,0.46644140625,0.4646484375,0,1.4140625,1,1,299,78.826164874552,10
1,1,101.9296875,1.5257421875,2.771484375,332.465625,1,0.749234375,3,0.231265625,0.241015625,0.347046875,3.6344296875,0.46644140625,0.4646484375,0,1.4140625,1,1,299,72.8703703703704,11
1,1,101.9296875,1.5257421875,2.771484375,332.465625,1,0.749234375,3,0.231265625,0.241015625,0.347046875,3.6344296875,0.46644140625,0.4646484375,0,1.4140625,1,1,299,70.2016129032258,12
1,1,101.9296875,1.5257421875,2.771484375,332.465625,1,0.749234375,3,0.231265625,0.241015625,0.347046875,3.2279765625,0.60771484375,0.4646484375,0,1.4140625,1,1,299,12.2983870967742,1
1,1,101.9296875,1.5257421875,2.771484375,332.465625,1,0.749234375,3,0.231265625,0.241015625,0.347046875,3.2279765625,0.60771484375,0.4646484375,0,1.4140625,1,1,299,32.2638404955478,2
1,1,101.9296875,1.5257421875,2.771484375,332.465625,1,0.749234375,3,0.231265625,0.241015625,0.347046875,3.2279765625,0.60771484375,0.4646484375,0,1.4140625,1,1,299,16.6429879053949,3
1,1,101.9296875,1.5257421875,2.771484375,332.465625,1,0.749234375,3,0.231265625,0.241015625,0.347046875,3.2279765625,0.60771484375,0.4646484375,0,1.4140625,1,1,299,37.7083333333333,4
1,1,101.9296875,1.5257421875,2.771484375,332.465625,1,0.749234375,3,0.231265625,0.241015625,0.347046875,3.2279765625,0.60771484375,0.4646484375,0,1.4140625,1,1,299,100,5
1,1,101.9296875,1.5257421875,2.771484375,332.465625,1,0.749234375,3,0.231265625,0.241015625,0.347046875,3.2279765625,0.60771484375,0.4646484375,0,1.4140625,1,1,299,100,6
1,1,101.9296875,1.5257421875,2.771484375,332.465625,1,0.749234375,3,0.231265625,0.241015625,0.347046875,3.2279765625,0.60771484375,0.4646484375,0,1.4140625,1,1,299,100,7
1,1,101.9296875,1.5257421875,2.771484375,332.465625,1,0.749234375,3,0.231265625,0.241015625,0.347046875,3.2279765625,0.60771484375,0.4646484375,0,1.4140625,1,1,299,100,8
1,1,101.9296875,1.5257421875,2.771484375,332.465625,1,0.749234375,3,0.231265625,0.241015625,0.347046875,3.2279765625,0.60771484375,0.4646484375,0,1.4140625,1,1,299,97.9675925925926,9
1,1,101.9296875,1.5257421875,2.771484375,332.465625,1,0.749234375,3,0.231265625,0.241015625,0.347046875,3.2279765625,0.60771484375,0.4646484375,0,1.4140625,1,1,299,76.9713261648746,10
1,1,101.9296875,1.5257421875,2.771484375,332.465625,1,0.749234375,3,0.231265625,0.241015625,0.347046875,3.2279765625,0.60771484375,0.4646484375,0,1.4140625,1,1,299,70.5648148148148,11
1,1,101.9296875,1.5257421875,2.771484375,332.465625,1,0.749234375,3,0.231265625,0.241015625,0.347046875,3.2279765625,0.60771484375,0.4646484375,0,1.4140625,1,1,299,67.1953405017921,12
1,1,101.9296875,1.5257421875,2.771484375,332.465625,1,0.749234375,3,0.231265625,0.241015625,0.347046875,3.2279765625,0.46644140625,0.8069140625,0,1.4140625,1,1,299,20.6182795698925,1
1,1,101.9296875,1.5257421875,2.771484375,332.465625,1,0.749234375,3,0.231265625,0.241015625,0.347046875,3.2279765625,0.46644140625,0.8069140625,0,1.4140625,1,1,299,45.1343446361293,2
1,1,101.9296875,1.5257421875,2.771484375,332.465625,1,0.749234375,3,0.231265625,0.241015625,0.347046875,3.2279765625,0.46644140625,0.8069140625,0,1.4140625,1,1,299,25.3884039864189,3
1,1,101.9296875,1.5257421875,2.771484375,332.465625,1,0.749234375,3,0.231265625,0.241015625,0.347046875,3.2279765625,0.46644140625,0.8069140625,0,1.4140625,1,1,299,50.1203703703704,4
1,1,101.9296875,1.5257421875,2.771484375,332.465625,1,0.749234375,3,0.231265625,0.241015625,0.347046875,3.2279765625,0.46644140625,0.8069140625,0,1.4140625,1,1,299,100,5
1,1,101.9296875,1.5257421875,2.771484375,332.465625,1,0.749234375,3,0.231265625,0.241015625,0.347046875,3.2279765625,0.46644140625,0.8069140625,0,1.4140625,1,1,299,100,6
1,1,101.9296875,1.5257421875,2.771484375,332.465625,1,0.749234375,3,0.231265625,0.241015625,0.347046875,3.2279765625,0.46644140625,0.8069140625,0,1.4140625,1,1,299,99.9283154121864,7
1,1,101.9296875,1.5257421875,2.771484375,332.465625,1,0.749234375,3,0.231265625,0.241015625,0.347046875,3.2279765625,0.46644140625,0.8069140625,0,1.4140625,1,1,299,100,8
1,1,101.9296875,1.5257421875,2.771484375,332.465625,1,0.749234375,3,0.231265625,0.241015625,0.347046875,3.2279765625,0.46644140625,0.8069140625,0,1.4140625,1,1,299,99.8888888888889,9
1,1,101.9296875,1.5257421875,2.771484375,332.465625,1,0.749234375,3,0.231265625,0.241015625,0.347046875,3.2279765625,0.46644140625,0.8069140625,0,1.4140625,1,1,299,83.6424731182796,10
1,1,101.9296875,1.5257421875,2.771484375,332.465625,1,0.749234375,3,0.231265625,0.241015625,0.347046875,3.2279765625,0.46644140625,0.8069140625,0,1.4140625,1,1,299,79.3148148148148,11
1,1,101.9296875,1.5257421875,2.771484375,332.465625,1,0.749234375,3,0.231265625,0.241015625,0.347046875,3.2279765625,0.46644140625,0.8069140625,0,1.4140625,1,1,299,78.0510752688172,12
1,1,101.9296875,1.5257421875,2.771484375,332.465625,1,0.749234375,3,0.231265625,0.241015625,0.347046875,3.2279765625,0.46644140625,0.4646484375,1,1.4140625,1,1,299,14.6998207885305,1
1,1,101.9296875,1.5257421875,2.771484375,332.465625,1,0.749234375,3,0.231265625,0.241015625,0.347046875,3.2279765625,0.46644140625,0.4646484375,1,1.4140625,1,1,299,37.5291245290502,2
1,1,101.9296875,1.5257421875,2.771484375,332.465625,1,0.749234375,3,0.231265625,0.241015625,0.347046875,3.2279765625,0.46644140625,0.4646484375,1,1.4140625,1,1,299,19.3592852556872,3
1,1,101.9296875,1.5257421875,2.771484375,332.465625,1,0.749234375,3,0.231265625,0.241015625,0.347046875,3.2279765625,0.46644140625,0.4646484375,1,1.4140625,1,1,299,41.1481481481482,4
1,1,101.9296875,1.5257421875,2.771484375,332.465625,1,0.749234375,3,0.231265625,0.241015625,0.347046875,3.2279765625,0.46644140625,0.4646484375,1,1.4140625,1,1,299,100,5
1,1,101.9296875,1.5257421875,2.771484375,332.465625,1,0.749234375,3,0.231265625,0.241015625,0.347046875,3.2279765625,0.46644140625,0.4646484375,1,1.4140625,1,1,299,100,6
1,1,101.9296875,1.5257421875,2.771484375,332.465625,1,0.749234375,3,0.231265625,0.241015625,0.347046875,3.2279765625,0.46644140625,0.4646484375,1,1.4140625,1,1,299,99.9820788530466,7
1,1,101.9296875,1.5257421875,2.771484375,332.465625,1,0.749234375,3,0.231265625,0.241015625,0.347046875,3.2279765625,0.46644140625,0.4646484375,1,1.4140625,1,1,299,100,8
1,1,101.9296875,1.5257421875,2.771484375,332.465625,1,0.749234375,3,0.231265625,0.241015625,0.347046875,3.2279765625,0.46644140625,0.4646484375,1,1.4140625,1,1,299,99.5833333333333,9
1,1,101.9296875,1.5257421875,2.771484375,332.465625,1,0.749234375,3,0.231265625,0.241015625,0.347046875,3.2279765625,0.46644140625,0.4646484375,1,1.4140625,1,1,299,81.2724014336918,10
1,1,101.9296875,1.5257421875,2.771484375,332.465625,1,0.749234375,3,0.231265625,0.241015625,0.347046875,3.2279765625,0.46644140625,0.4646484375,1,1.4140625,1,1,299,75,11
1,1,101.9296875,1.5257421875,2.771484375,332.465625,1,0.749234375,3,0.231265625,0.241015625,0.347046875,3.2279765625,0.46644140625,0.4646484375,1,1.4140625,1,1,299,74.0277777777778,12
1,1,101.9296875,1.5257421875,2.771484375,332.465625,1,0.749234375,3,0.231265625,0.241015625,0.347046875,3.2279765625,0.46644140625,0.4646484375,0,1.9503125,1,1,299,13.4274193548387,1
1,1,101.9296875,1.5257421875,2.771484375,332.465625,1,0.749234375,3,0.231265625,0.241015625,0.347046875,3.2279765625,0.46644140625,0.4646484375,0,1.9503125,1,1,299,34.708132087854,2
1,1,101.9296875,1.5257421875,2.771484375,332.465625,1,0.749234375,3,0.231265625,0.241015625,0.347046875,3.2279765625,0.46644140625,0.4646484375,0,1.9503125,1,1,299,17.9966418334905,3
1,1,101.9296875,1.5257421875,2.771484375,332.465625,1,0.749234375,3,0.231265625,0.241015625,0.347046875,3.2279765625,0.46644140625,0.4646484375,0,1.9503125,1,1,299,39.4444444444444,4
1,1,101.9296875,1.5257421875,2.771484375,332.465625,1,0.749234375,3,0.231265625,0.241015625,0.347046875,3.2279765625,0.46644140625,0.4646484375,0,1.9503125,1,1,299,100,5
1,1,101.9296875,1.5257421875,2.771484375,332.465625,1,0.749234375,3,0.231265625,0.241015625,0.347046875,3.2279765625,0.46644140625,0.4646484375,0,1.9503125,1,1,299,100,6
1,1,101.9296875,1.5257421875,2.771484375,332.465625,1,0.749234375,3,0.231265625,0.241015625,0.347046875,3.2279765625,0.46644140625,0.4646484375,0,1.9503125,1,1,299,99.9820788530466,7
1,1,101.9296875,1.5257421875,2.771484375,332.465625,1,0.749234375,3,0.231265625,0.241015625,0.347046875,3.2279765625,0.46644140625,0.4646484375,0,1.9503125,1,1,299,100,8
1,1,101.9296875,1.5257421875,2.771484375,332.465625,1,0.749234375,3,0.231265625,0.241015625,0.347046875,3.2279765625,0.46644140625,0.4646484375,0,1.9503125,1,1,299,98.8333333333333,9
1,1,101.9296875,1.5257421875,2.771484375,332.465625,1,0.749234375,3,0.231265625,0.241015625,0.347046875,3.2279765625,0.46644140625,0.4646484375,0,1.9503125,1,1,299,79.3772401433692,10
1,1,101.9296875,1.5257421875,2.771484375,332.465625,1,0.749234375,3,0.231265625,0.241015625,0.347046875,3.2279765625,0.46644140625,0.4646484375,0,1.9503125,1,1,299,73.1111111111111,11
1,1,101.9296875,1.5257421875,2.771484375,332.465625,1,0.749234375,3,0.231265625,0.241015625,0.347046875,3.2279765625,0.46644140625,0.4646484375,0,1.9503125,1,1,299,70.9632616487455,12
